Reference, Quantity, Value, Footprint, LCSC, Manufacturer, Mfr. PN, Supplier, Supplier PN
C1 C2 ,2,12pF,Capacitor_SMD:C_0402_1005Metric,C1547,Guangdong Fenghua Advanced Tech,0402CG120J500NT,LCSC,C1547
C10 C11 ,2,47pF,Capacitor_SMD:C_0402_1005Metric,C1567,Guangdong Fenghua Advanced Tech,0402CG470J500NT,LCSC,C1567
C5 C6 C7 C8 C9 C12 C13 C14 C15 C19 C20 C25 C33 ,13,100nF,Capacitor_SMD:C_0402_1005Metric,C1525,Samsung Electro-Mechanics,CL05B104KO5NNNC,LCSC,C1525
C16 C17 C18 C22 C23 ,5,10uF,Capacitor_SMD:C_0603_1608Metric,C19702,Samsung Electro-Mechanics,CL10A106KP8NNNC,LCSC,C19702
C3 C21 ,2,4.7uF,Capacitor_SMD:C_0603_1608Metric,C19666,Samsung Electro-Mechanics,CL10A475KO8NNNC,LCSC,C19666
C30 C31 C32 ,3,22uF,Resistor_SMD:R_0805_2012Metric,C45783,Samsung Electro-Mechanics,CL21A226MAQNNNE,LCSC,C45783
C4 C24 C26 C27 C28 C29 ,6,1uF,Capacitor_SMD:C_0603_1608Metric,C15849,Samsung Electro-Mechanics,CL10A105KB8NNNC,LCSC,C15849
D1 ,1,YELLOW,LED_SMD:LED_0805_2012Metric,C2296,Hubei KENTO Elec,17-21SUYC/TR8,LCSC,C2296
D2 D3 D4 ,3,RED,LED_SMD:LED_0805_2012Metric,C84256,Foshan NationStar Optoelectronics,FC-2012HRK-620D,LCSC,C84256
D5 ,1,SS14,Diode_SMD:D_SMA,C2480,MDD( Microdiode Electronics),SS14,LCSC,C2480
H1 H2 ,2,MountingHole,MountingHole:MountingHole_2.5mm,,,,,
J1 J4 ,2,Conn_01x05,Connector_PinHeader_2.54mm:PinHeader_1x05_P2.54mm_Horizontal,-,-,-,,
J2 ,1,USB_B_Micro,Connector_USB:USB_Micro-B_Amphenol_10118194_Horizontal,-,Amphenol,10118194-0001LF,Mouser,649-10118194-0001LF
J3 ,1,Battery,Connector_PinHeader_2.00mm:PinHeader_1x02_P2.00mm_Vertical,-,-,-,,
JP1 JP2 ,2,JP,Jumper:SolderJumper-2_P1.3mm_Open_RoundedPad1.0x1.5mm,-,-,-,,
L1 ,1,220 Ohm,Inductor_SMD:L_0603_1608Metric,C85826,Murata Electronics,BLM18BB221SN1D,Mouser,81-BLM18BB221SN1D
L2 ,1,330 Ohm,Inductor_SMD:L_0805_2012Metric,-,Murata Electronics,BLM21PG331SN1D,Mouser,81-BLM21P331SG
L3 ,1,1.5uH,Inductor_SMD:L_Bourns_SRN6045TA,-,Bourns,SRN6045TA-1R5Y ,Mouser,652-SRN6045TA-1R5Y
Q1 Q2 Q4 ,3,S8050,Package_TO_SOT_SMD:SOT-23,C2146,Changjiang Electronics Tech (CJ),S8050,LCSC,C2146
Q3 ,1,Si2301CDS,Package_TO_SOT_SMD:SOT-23,C10487,Vishay Intertech,SI2301CDS-T1-GE3,LCSC,C10487
R12 R13 R22 R27 ,4,330,Resistor_SMD:R_0402_1005Metric,C25104,Uniroyal Elec,0402WGF3300TCE,LCSC,C25104
R4 R10 R14 R15 R23 R24 ,6,1k,Resistor_SMD:R_0402_1005Metric,C11702,Uniroyal Elec,0402WGF1001TCE,LCSC,C11702
R16 R25 ,2,5k6,Resistor_SMD:R_0402_1005Metric,C25908,Uniroyal Elec,0402WGF5601TCE,LCSC,C25908
R7 R17 R18 ,3,4.7k,Resistor_SMD:R_0402_1005Metric,C25900,Uniroyal Elec,0402WGF4701TCE,LCSC,C25900
R11 R19 R20 ,3,47k,Resistor_SMD:R_0402_1005Metric,C25792,Uniroyal Elec,0402WGF4702TCE,LCSC,C25792
R1 R3 R5 R6 R21 R29 R33 ,7,10k,Resistor_SMD:R_0402_1005Metric,C25744,Uniroyal Elec,0402WGF1002TCE,LCSC,C25744
R26 ,1,100k,Resistor_SMD:R_0603_1608Metric,C25803,Uniroyal Elec,0603WAF1003T5E,LCSC,C25803
R28 ,1,2k,Resistor_SMD:R_0402_1005Metric,C4109,Uniroyal Elec,0402WGF2001TCE,LCSC,C4109
R31 ,1,150k,Resistor_SMD:R_0603_1608Metric,C22807,Uniroyal Elec,0603WAF1503T5E,LCSC,C22807
R30 R32 ,2,1M,Resistor_SMD:R_0603_1608Metric,C22935,Uniroyal Elec,0603WAF1004T5E,LCSC,C22935
R8 R9 ,2,27,Resistor_SMD:R_0402_1005Metric,-,YAGEO,RT0402FRE0727RL,Mouser,603-RT0402FRE0727R
SW1 SW2 ,2,SW_Push_DPDT,Button_Switch_THT:SW_CuK_JS202011CQN_DPDT_Straight,-,C&K,JS202011JCQN,Mouser,611-JS202011JCQN
TP1 ,1,3V3_MCU,TestPoint:TestPoint_Pad_D1.5mm,-,,,,
TP10 ,1,PGOOD,TestPoint:TestPoint_Pad_D1.5mm,-,,,,
TP2 ,1,PPS,TestPoint:TestPoint_Pad_D1.5mm,-,,,,
TP4 TP5 ,2,GND,TestPoint:TestPoint_Pad_D1.5mm,-,,,,
TP6 ,1,USB,TestPoint:TestPoint_Pad_D1.5mm,-,,,,
TP7 ,1,5V0,TestPoint:TestPoint_Pad_D1.5mm,-,,,,
TP8 ,1,4V0,TestPoint:TestPoint_Pad_D1.5mm,-,,,,
TP9 ,1,3V3,TestPoint:TestPoint_Pad_D1.5mm,-,,,,
U1 ,1,STM32F030R8Tx,Package_QFP:LQFP-64_10x10mm_P0.5mm,C39105,STMicroelectronics,STM32F030R8T6,Mouser,-
U10 ,1,L80-RE,gps_tracker:L80RE,-,Quectel,L80RE-M37,Mouser,277-L80RE-M37
U2 ,1,CAT24C256,Package_SO:SOIC-8_3.9x4.9mm_P1.27mm,C6482,Microchip Tech,AT24C256C-SSHL-T,LCSC,C6482
U3 ,1,FT230XS,Package_SO:SSOP-16_3.9x4.9mm_P0.635mm,-,FTDI,FT230XS,Mouser,895-FT230XS-R 
U4 ,1,UP501B,gps_tracker:UP501B,-,Fastrax,UP501B,Mouser,-
U5 ,1,USBLC6,Package_TO_SOT_SMD:SOT-23-6,C7519,STMicroelectronics,USBLC6-2SC6,Mouser,511-USBLC6-2SC6
U6 ,1,SIM800L,gps_tracker:SIM_800L_breakout,-,SIM,SIM800L,-,-
U7 ,1,MCP73812T-420I-OT,Package_TO_SOT_SMD:SOT-23-5,C144308,Microchip Tech,MCP73812T-420I/OT,Mouser,579-MCP73812T-420IOT 
U8 ,1,TPS63020,gps_tracker:QFN14_P0.5_4.15x3.15_wThermalVias,C15483,Texas Instruments,TPS63020DSJR,Mouser,595-TPS63020DSJR
U9 ,1,LP5907MFX-3.3,Package_TO_SOT_SMD:SOT-23-5,C80670,Texas Instruments,LP5907MFX-3.3/NOPB,Mouser,595-LP5907QMFX-3.3Q1 
Y1 ,1,8 MHz,Crystal:Crystal_SMD_5032-2Pin_5.0x3.2mm,-,ECS,ECS-80-12-30Q-DS-TR,Mouser,520-80-12-30Q-DST 
